{
	"info": {
		"_postman_id": "9dcf9662-264b-432e-89a1-3f52739b159a",
		"name": "2.ExternalAPI",
		"schema": "https://schema.getpostman.com/json/collection/v2.1.0/collection.json"
	},
	"item": [
		{
			"name": "NumberAPI-DirectCall",
			"request": {
				"method": "GET",
				"header": [],
				"url": {
					"raw": "http://numbersapi.com/02/11/date",
					"protocol": "http",
					"host": [
						"numbersapi",
						"com"
					],
					"path": [
						"02",
						"11",
						"date"
					]
				}
			},
			"response": []
		},
		{
			"name": "NumberAPI-SecuredByProxy",
			"request": {
				"auth": {
					"type": "basic",
					"basic": [
						{
							"key": "password",
							"value": "password1",
							"type": "string"
						},
						{
							"key": "username",
							"value": "admin",
							"type": "string"
						}
					]
				},
				"method": "GET",
				"header": [],
				"url": {
					"raw": "http://securednumbersapi-proxy.us-e2.cloudhub.io/02/11/date",
					"protocol": "http",
					"host": [
						"securednumbersapi-proxy",
						"us-e2",
						"cloudhub",
						"io"
					],
					"path": [
						"02",
						"11",
						"date"
					]
				}
			},
			"response": []
		}
	],
	"protocolProfileBehavior": {}
}