{
	"info": {
		"_postman_id": "e494d75d-ab55-4e55-8bf3-053625f6b490",
		"name": "4.Custom Policy",
		"schema": "https://schema.getpostman.com/json/collection/v2.1.0/collection.json"
	},
	"item": [
		{
			"name": "Proxy-With-LoggingPolicy",
			"item": [
				{
					"name": "Employees All",
					"request": {
						"method": "GET",
						"header": [],
						"url": {
							"raw": "http://employeeapi-custompolicy-proxy.us-e2.cloudhub.io/employees",
							"protocol": "http",
							"host": [
								"employeeapi-custompolicy-proxy",
								"us-e2",
								"cloudhub",
								"io"
							],
							"path": [
								"employees"
							]
						}
					},
					"response": []
				}
			],
			"event": [
				{
					"listen": "prerequest",
					"script": {
						"id": "ec930eda-9cc3-4cd1-af80-f086b203fb22",
						"type": "text/javascript",
						"exec": [
							""
						]
					}
				},
				{
					"listen": "test",
					"script": {
						"id": "0f303440-66b5-4086-895b-dd1d8a882f5b",
						"type": "text/javascript",
						"exec": [
							""
						]
					}
				}
			],
			"protocolProfileBehavior": {}
		},
		{
			"name": "Proxy-Without-LoggingPolicy",
			"item": [
				{
					"name": "Employees All",
					"request": {
						"method": "GET",
						"header": [
							{
								"key": "Authorization",
								"value": "afddsfs",
								"type": "text"
							}
						],
						"url": {
							"raw": "http://employeeapi-custompolicy-proxy.us-e2.cloudhub.io/employees",
							"protocol": "http",
							"host": [
								"employeeapi-custompolicy-proxy",
								"us-e2",
								"cloudhub",
								"io"
							],
							"path": [
								"employees"
							]
						}
					},
					"response": []
				}
			],
			"protocolProfileBehavior": {}
		}
	],
	"protocolProfileBehavior": {}
}