<?xml version="1.0" encoding="UTF-8"?>
<mule xmlns:api-platform-gw="http://www.mulesoft.org/schema/mule/api-platform-gw" xmlns:doc="http://www.mulesoft.org/schema/mule/documentation" xmlns="http://www.mulesoft.org/schema/mule/core" xmlns:apikit="http://www.mulesoft.org/schema/mule/apikit" xmlns:http="http://www.mulesoft.org/schema/mule/http" xmlns:spring="http://www.springframework.org/schema/beans" xmlns:xsi="http://www.w3.org/2001/XMLSchema-instance" xsi:schemaLocation="http://www.mulesoft.org/schema/mule/core http://www.mulesoft.org/schema/mule/core/current/mule.xsd
http://www.mulesoft.org/schema/mule/http http://www.mulesoft.org/schema/mule/http/current/mule-http.xsd
http://www.mulesoft.org/schema/mule/apikit http://www.mulesoft.org/schema/mule/apikit/current/mule-apikit.xsd
http://www.springframework.org/schema/beans http://www.springframework.org/schema/beans/spring-beans-3.1.xsd
http://www.mulesoft.org/schema/mule/api-platform-gw http://www.mulesoft.org/schema/mule/api-platform-gw/current/mule-api-platform-gw.xsd">
    <http:listener-config name="employeeapi-httpListenerConfig" host="0.0.0.0" port="8081" doc:name="HTTP Listener Configuration"/>
    <apikit:config name="employeeapi-config" raml="employeeapi.raml" consoleEnabled="false" doc:name="Router"/>
    <api-platform-gw:api apiName="groupId:cd871d38-77ca-4711-8169-6317777a3db1:assetId:employeeapi" version="1.0:15997639" flowRef="employeeapi-main" create="true" apikitRef="employeeapi-config" doc:name="API Autodiscovery"/>
    <flow name="employeeapi-main">
        <http:listener config-ref="employeeapi-httpListenerConfig" path="/*" doc:name="HTTP"/>
        <apikit:router config-ref="employeeapi-config" doc:name="APIkit Router"/>
        <exception-strategy ref="employeeapi-apiKitGlobalExceptionMapping" doc:name="Reference Exception Strategy"/>
    </flow>
    <flow name="employeeapi-console">
        <http:listener config-ref="employeeapi-httpListenerConfig" path="/console/*" doc:name="HTTP"/>
        <apikit:console config-ref="employeeapi-config" doc:name="APIkit Console"/>
    </flow>
    <flow name="get:/employees:employeeapi-config">
        <logger message="Recieved request for Employee API" level="INFO" doc:name="Logger"/>
        <set-payload value="[
  {                      
      &quot;EmployeeID&quot;: &quot;00010001&quot;,
      &quot;Name&quot;: &quot;Arun&quot;,                        
      &quot;EffectiveStatus&quot;: &quot;A&quot;                    
  },
  {                      
      &quot;EmployeeID&quot;: &quot;00010002&quot;,
      &quot;Name&quot;: &quot;Arunesh&quot;,                        
      &quot;EffectiveStatus&quot;: &quot;A&quot;                    
  },
  {                      
      &quot;EmployeeID&quot;: &quot;00010003&quot;,
      &quot;Name&quot;: &quot;Arunesh Kumar&quot;,                        
      &quot;EffectiveStatus&quot;: &quot;A&quot;                    
  }, 
  {                      
      &quot;EmployeeID&quot;: &quot;00010004&quot;,
      &quot;Name&quot;: &quot;Arunesh Kumar Singh&quot;,                        
      &quot;EffectiveStatus&quot;: &quot;A&quot;                    
  }
]" doc:name="Set Payload"/>
    </flow>
    <flow name="get:/employees/{EmployeeID}:employeeapi-config">
        <logger message="Recieved request for Employee ID" level="INFO" doc:name="Logger"/>
        <set-payload value="[ {                  &#xA;      &quot;EmployeeID&quot;: &quot;00010003&quot;,&#xA;      &quot;Name&quot;: &quot;Arunesh Kumar&quot;,                        &#xA;      &quot;EffectiveStatus&quot;: &quot;A&quot;                    &#xA;  }&#xA;]" doc:name="Set Payload"/>
    </flow>
    <apikit:mapping-exception-strategy name="employeeapi-apiKitGlobalExceptionMapping">
        <apikit:mapping statusCode="404">
            <apikit:exception value="org.mule.module.apikit.exception.NotFoundException" />
            <set-property propertyName="Content-Type" value="application/json" doc:name="Property"/>
            <set-payload value="{ &quot;message&quot;: &quot;Resource not found&quot; }" doc:name="Set Payload"/>
        </apikit:mapping>
        <apikit:mapping statusCode="405">
            <apikit:exception value="org.mule.module.apikit.exception.MethodNotAllowedException" />
            <set-property propertyName="Content-Type" value="application/json" doc:name="Property"/>
            <set-payload value="{ &quot;message&quot;: &quot;Method not allowed&quot; }" doc:name="Set Payload"/>
        </apikit:mapping>
        <apikit:mapping statusCode="415">
            <apikit:exception value="org.mule.module.apikit.exception.UnsupportedMediaTypeException" />
            <set-property propertyName="Content-Type" value="application/json" doc:name="Property"/>
            <set-payload value="{ &quot;message&quot;: &quot;Unsupported media type&quot; }" doc:name="Set Payload"/>
        </apikit:mapping>
        <apikit:mapping statusCode="406">
            <apikit:exception value="org.mule.module.apikit.exception.NotAcceptableException" />
            <set-property propertyName="Content-Type" value="application/json" doc:name="Property"/>
            <set-payload value="{ &quot;message&quot;: &quot;Not acceptable&quot; }" doc:name="Set Payload"/>
        </apikit:mapping>
        <apikit:mapping statusCode="400">
            <apikit:exception value="org.mule.module.apikit.exception.BadRequestException" />
            <set-property propertyName="Content-Type" value="application/json" doc:name="Property"/>
            <set-payload value="{ &quot;message&quot;: &quot;Bad request&quot; }" doc:name="Set Payload"/>
        </apikit:mapping>
    </apikit:mapping-exception-strategy>
</mule>
