<?xml version="1.0" encoding="UTF-8"?>
<policy xmlns="http://www.mulesoft.org/schema/mule/policy"
        xmlns:xsi="http://www.w3.org/2001/XMLSchema-instance"
        xmlns:spring="http://www.springframework.org/schema/beans"
        xmlns:mule="http://www.mulesoft.org/schema/mule/core"
        xmlns:mule-ss="http://www.mulesoft.org/schema/mule/spring-security"
        xmlns:ss="http://www.springframework.org/schema/security"
        xmlns:api-platform-gw="http://www.mulesoft.org/schema/mule/api-platform-gw"
        xsi:schemaLocation="http://www.mulesoft.org/schema/mule/policy http://www.mulesoft.org/schema/mule/policy/current/mule-policy.xsd
              http://www.springframework.org/schema/beans http://www.springframework.org/schema/beans/spring-beans-current.xsd
              http://www.mulesoft.org/schema/mule/spring-security http://www.mulesoft.org/schema/mule/spring-security/current/mule-spring-security.xsd
              http://www.springframework.org/schema/security http://www.springframework.org/schema/security/spring-security-current.xsd
              http://www.mulesoft.org/schema/mule/api-platform-gw http://www.mulesoft.org/schema/mule/api-platform-gw/current/mule-api-platform-gw.xsd
              http://www.mulesoft.org/schema/mule/core http://www.mulesoft.org/schema/mule/core/current/mule.xsd">
   
    <pointcut>
        <api-platform-gw:api-pointcut apiName="{{ apiName }}" apiVersion="{{ apiVersionName }}"/>
    </pointcut>
    
    <before>
    	<mule:processor-chain >
    		<mule:logger message="Logging entry from custom policy" level="INFO" />
    	</mule:processor-chain>
    
        <mule:set-variable variableName="evaluated" value="{{ query }}" />
        <mule:message-filter onUnaccepted="policyViolation">
            <mule:expression-filter expression="#[!evaluated]" />
        </mule:message-filter>  
    </before>

    <after>
        <mule:set-property propertyName="Custom-Header" value="Logger Policy" />
    </after>

    <mule:processor-chain name="policyViolation">
        <mule:logger message="The custom policy filtered the message #[message.getId()] based on a MEL query" level="INFO" />
        <mule:set-property propertyName="http.status" value="403"/>
        <mule:set-property propertyName="Content-Type" value="application/json"/>
        <mule:set-payload value='{ "error" : "Custom Policy: {{ denied-message }}"}'/>
    </mule:processor-chain>
</policy>